id,country_code,lat,lng,tweet
1,ar,23.523078,45.113681,     
2,nl,-26.265014,28.248846,@InaKoegelenberg Selfde dankie Ina! Gatskop dag vir jou 
3,ht,9.073664,7.424094,Lmao https://t.co/7UdADHruYS
4,en,9.073664,7.424094,Onion market: You will be PROUD of Nigeria after seeing what is going on in Kebbi (photos): https://t.co/N9syj70WHE
5,ar,28.39854,36.614784,@Abu_Mrabd_Anzi        
6,ar,31.1260265,32.3076275,   #__
7,en,-25.710812,28.386694,There was a time when I was using metrorail train just so I can get to town and look for work
8,en,-34.1216575,18.4890615,"#Congestion: N7 South @ N1 Inbound ramp, expect delays #Savewater https://t.co/dBxsV4PFwM"
9,ar,19.158766,42.8581945,    .
10,und,-28.4794855,24.669943,https://t.co/1vPPEADThD
11,ar,29.596249,31.570606,@Mera_Official2   
12,ar,21.5857105,39.2541285,@ahwazna1999 @nasserjabor              ...!      ...!
13,ar,21.5857105,39.2541285,            .
14,ar,29.3888215,48.0663995,:    https://t.co/aA4XgjmbIz https://t.co/YQIAQBFxDV
15,en,29.634341,32.347421,"current weather in Suez: scattered clouds, 5C91% humidity, wind 2kmh, pressure 1015mb"
16,ar,29.347893,47.673682,                       
17,en,-26.2761385,27.968098,"A very good morning fellow South Africans, happy Friday. Let's continue to build a great SA led by ethical leaders. It is in our hands"
18,und,-33.2983435,26.51974, https://t.co/D8IfTQXUXF
19,en,33.8733655,35.8495145,Good morning get well soon @aldenrichards02  God bless u #ALDUBxDTBYin11Days
20,en,-26.517679,31.462823,@SinethembaDee mos def im up and getting ready!!!
21,ar,21.5857105,39.2541285,  ...
22,en,-25.860881,28.1361405,My eerste offisiele Riana Nel show Loved it @ririnel @cornel_debeer  @Ernich_Awesome @Poenapoep https://t.co/2xJNlFw2hb
23,ar,24.7219435,46.685077,   https://t.co/APXQayssdr
24,en,-26.058708,28.060613,Woah! I'm shook. https://t.co/Vkj9LPWJC0
25,und,-33.980289,18.676047,Co https://t.co/N1AwYH2IbD
26,ar,25.47149,51.3601085,     .
27,en,-1.2748635,36.86362,Background info on #OneCityOnePeople -the report offers a broad overview OG existing living conditions in Mukuru
28,tr,35.135671,33.437825,Gnaydn gzel Trkiye nin sekler insanlar. Ne diyoruz #HAYIR
29,en,-26.0197195,27.9574575,@HellmannsZA Hi. May I please speak to you regarding a possible business proposal? Thank you.
30,en,36.8196825,34.660455,"current weather in Mersin: clear sky, 8C100% humidity, wind 4kmh, pressure 1037mb"
31,und,21.38543,40.4908105,@As_Bawazeer
32,ar,33.224875,43.6853045,                https://t.co/z3Ku2i1e4E
33,ar,30.8326565,29.733514,@BEAUTIFULPlCS    
34,en,-26.2761385,27.968098,Please be safe guys
35,en,31.6727,36.4648745,.@BBCWorld @BBCNews Patronising and arrogant. Tony Blair could bugger off
36,fa,32.3965425,53.6749745,  :         !         https://t.co/ABfsWB4ExJ
73,ar,30.8326565,29.733514,              . https://t.co/ifeRA52CFc
37,en,23.895049,53.65571,I was out cycling 21.06 km with #Endomondo #endorphins https://t.co/VH3Vat9BuF
38,en,-1.2748635,36.86362,I'm at Usiu road in Nairobi https://t.co/LAbKGqROwg
39,tl,-1.220982,36.714519,Waiyaki way hakuna Matatu
40,ar,24.2599225,45.117129,- :        .
41,in,-0.067814,37.905184,Ukitaka kujua class ya mtu huku Nairobi cheki the display on the toilet window.
42,ar,31.9800265,35.7070385,@Dubaicharityuae            2004     https://t.co/c3MGXSyg9C
43,en,-28.4794855,24.669943,Lol Its Almost End of February Musi
44,ar,23.523078,45.113681,"                                    """"									
45	ar	24.7219435	46.685077	               ""      """""""
46,ar,31.342382,31.7678535,   https://t.co/YaVt7lMhZ4
47,hi,-26.2761385,27.968098,Shisa bhe https://t.co/o97pC6KZLW
48,en,-26.0197195,27.9574575,"We want new actors in the economic mainstream of the country	 black people must get a space. President of RSA Jacob Zuma."""""""
49,und,-26.2761385,27.968098,Zundi'thwale nakalokuNgezo ngalo zobubele..
50,in,29.596249,31.570606,"Sanah Helwah Umi yang ke 58Semoga Umi dipanjangkan umur, diberkati sepanjang umur umi, diberi kesihatan.Kita oran https://t.co/OsvAoFYVgx"
51,ar,28.39854,36.614784,#      .
52,ar,21.5857105,39.2541285,      .
53,en,-28.4794855,24.669943,"And then #Zuma says in #SonaResponse it snot racist	 it snot! another #bullzumming Eish!#VoteForChange #VoteDA f https://t.co/qFI32NLEy7"""""""
54,en,-0.067814,37.905184,We are ready to set you into the weekend mood what songs would you like Dj Henrique #HangOutFriday
55,en,33.8733655,35.8495145,Hello #ALDUBxDTBYin10Days
56,en,-26.058708,28.060613,Ya hey #ABSAmustpay https://t.co/ihSl9uPt3p
57,tl,21.334729,41.137367,Tawa Tayo ADN...... #ALDUBxDTBYin10Days https://t.co/xtsWEXnDzh
58,de,-29.8193145,30.6453195,@Makhiwoxolo3 ...listen via https://t.co/9Y63HmPO8h
59,en,-29.900636,30.9725795,@eNCA construction cartel companies involved in building world cup stadiums  are not blacklisted too #FYI
60,und,23.523078,45.113681,#Sks_ariyad #sex_riyad #sex_kharj #sex_alkharj #sex_alriyadh #Six_children
61,ar,21.5857105,39.2541285,          #_ https://t.co/C10iADYRDw
62,ar,29.000369,29.2730235,            .
63,en,-28.5126035,28.8157765,@skgp28 yoh that's was bad. Yerr
64,ar,29.251567,48.0664685,.                .  https://t.co/IIRLhlmr4P
65,ar,31.280563,37.1219335,   ---
66,ar,21.389833,39.8016865,"         .   ""   """""""""
67,en,-26.2761385,27.968098,Can the #CompetitionCommission check Discovery Health assemblief? #Thempricesaretohighthenneedtocutthem
68,ar,24.7219435,46.685077,#__      
69,tr,36.8196825,34.660455,I'm at Mersin ar in Mersin https://t.co/Gycn5VjuUQ
70,ar,18.142727,42.8382155,@ElBaradei      
71,ar,21.5857105,39.2541285, https://t.co/fkWdWXXnX1
72,ar,29.302682,47.858859,  :      .
74,ar,21.5857105,39.2541285,   
75,ar,25.952302,50.5738735,         ~.#_#___#__#_ https://t.co/FGusAHJl0Z
76,ar,29.634341,32.347421,  https://t.co/amLNws4wgz
77,ar,24.7219435,46.685077,#__#___    #_  https://t.co/lBFY18mSZP
78,en,-26.058708,28.060613,i like it for the @LuminanceOnline https://t.co/Yo2XjHk9wK
79,ar,28.396245,48.418995,#_    
80,und,-25.988404,28.103551,Wow.  https://t.co/26L2aLzN2M
81,en,-29.6164,30.3537815,@TheWineSnob101 I have followed you back Greetings from South Africa https://t.co/EcTaZc6uDj
82,und,29.000369,29.2730235, https://t.co/AzRjeyXbMB
83,und,24.7219435,46.685077,@abeer_700 
84,ar,18.6139645,45.635423,"            :       """"									
85	en	-1.2748635	36.86362	Good jams on @CapitalFMKenya You rocking this morning."""
86,und,21.5857105,39.2541285,https://t.co/ZAHsvxV9pe
87,en,-34.1216575,18.4890615,Do U have an #Earworm we need to feature on #BreakfastMusicShow #70vibefm https://t.co/Eg3WlIlOY3 Website: https://t.co/4si8UiE5Ly
88,ar,29.596249,31.570606,@radwaahhmed         
89,tl,30.866746,31.028321,@hrlnamstafa cgrates babee
90,en,-26.058708,28.060613,Hehehe the state of America https://t.co/DDQEvuCQS3
91,en,-1.1013835,37.0204155,Pricing is a factor which places one in competition in a business Watch pricing tips on Episode 2 of #BYOBTVShow  https://t.co/s9Js2phuYu
92,en,36.834491,36.2083995,I'm at Green Pavilion https://t.co/LcY0RwSCh7
93,ar,28.3500825,46.0327485,  https://t.co/wfQFCj7RcB
94,ar,24.7219435,46.685077,         
95,ar,24.7219435,46.685077,@mo_na211    
96,ar,21.5857105,39.2541285,"                ."""""""
97,en,29.4323775,47.467663,Lawd ain't that the truth https://t.co/5rwJMF38k7
98,ar,29.596249,31.570606,   https://t.co/Uol15dPocz
99,ar,21.5857105,39.2541285, #_                        #
100,en,-26.2761385,27.968098,@Radio2000ZA @KiaJohnson1 @LeloMzaca @ThaboModisane #Rosaine #Dineo #JustIce Happy Friyaay Family #PlanetHaaibo
101,ar,24.7219435,46.685077,    .
102,und,18.303816,42.533355,https://t.co/J9Rlw5UTvl
103,und,21.38543,40.4908105,https://t.co/BYuZqw1EdO
104,en,-6.8788115,39.2823905,"I'm at @SlideVisuals HQ in Mikocheni, Dar Es Salaam https://t.co/BrAXLUYmle"
105,ar,29.2865725,47.8927335,#___               https://t.co/m16ReFVvGI
106,ar,24.7219435,46.685077,     https://t.co/khuMvQbdup
107,en,-13.247367,34.2961365,Surprised you haven't set yourself on fire with your twiggy limbs rubbing against each other https://t.co/hdivEVymyn
108,und,-25.988404,28.103551,https://t.co/GMUwNSwhQO
109,ar,29.596249,31.570606,      https://t.co/sOx8T9CZAG
110,ar,23.523078,45.113681,#_                     
6819,ar,29.000369,29.2730235,     .. 
111,tr,36.727967,33.861119,dis fircama dis macunu diye siyah nokta temizleyici siktigimdan beri soktayim bihter ziyagil bile bu kadar aptal degildi
112,und,24.7219435,46.685077,#_ https://t.co/WReMHZ3gcQ
113,ar,28.8419955,48.0860765,             
114,et,-26.2761385,27.968098,Christmas  https://t.co/cofFmpfOaO
115,iw,31.342253,34.9684285,"    ' . '      ? https://t.co/b2Wo0rsRCB"""""""
116,ar,21.389833,39.8016865,         .. @   -  https://t.co/7LEeqaDADj
117,en,-28.5126035,28.8157765,Very fine!!! https://t.co/WK4o4W0u4U
118,tl,-4.80739,30.412535,Kutoka 89.3Zanzibar milinzi kigoma niko nanyi mpaka mwisho wa kipindi @emanuely_mpeta @babrahasan
119,ar,29.596249,31.570606,                            
120,en,-29.6164,30.3537815,@TheWineSnob101 Have a good Friday https://t.co/ZageyYlJtE
121,ar,29.596249,31.570606,            ..    100      !
122,en,23.895049,53.65571,The importance of books. #reading https://t.co/IkIhvhD7tA
123,und,21.5857105,39.2541285,#_ https://t.co/UFUOr30Xnf
124,en,-17.866637,31.06421,Gamorning AmmartiaI must say thank you so much for voting #WACHUWANT to #8on the @TRACEAfrica_  Charts#ILuvAmmartians 
125,ar,26.3535915,49.9945455,           2017     https://t.co/TgdkHcqfZ7
126,en,33.8733655,35.8495145,How Marine Le Pen could win the French presidency https://t.co/MEKwjcwBAh
127,und,18.529793,42.0686715,@AdelAliBinAli https://t.co/ZLVWy2S2UK
128,en,33.8733655,35.8495145,How Marine Le Pen could win the French presidency https://t.co/7aldSbUh2O
129,en,-27.9575765,26.8094435,"If You Woke Up Without A dream Today, Hamb' Uyolala!!!"
130,ar,29.3422145,47.760669,  
131,en,-0.067814,37.905184,We are ready to set you into the weekend mood what songs would you like Dj Henrique to play for you  #HangOutFriday
132,ar,29.224902,47.97452,  https://t.co/D3oJKyFM5k
133,en,-26.2761385,27.968098, I love this https://t.co/SSiBzk6Hby
134,en,28.396245,48.418995,Check out the highlight of  our recent event PROFIT  SHARING SE/GE EXECUTIVE NIGHT at  MOA  ARENA PHILIPPINES. https://t.co/IfZGfaDXvx
135,tl,-26.519759,29.9968885,Kuyabheda kuhlala Msukaligwa ugesi uthathwa 6-8 am nango 17-19:30 isikhathi ezibalulekile kuthi esisebenzayo kodwa https://t.co/5iXvG38xE9
136,ar,33.8733655,35.8495145,   ...https://t.co/dBKD5nBGZe# #
137,ar,26.345051,43.9595905,"          .""""									
138	und	21.38543	40.4908105	https://t.co/JsFaW8yyAy"""
139,und,30.8326565,29.733514,Fifty shades of grey       Fifty shades darker     Fifty shades freed       .
140,iw,31.342253,34.9684285,"@WallaNews @JacobEilon    ,      "
141,ar,19.965379,41.453094,         #_ https://t.co/Q5VpOkT4cT
142,ar,21.5857105,39.2541285,           .
143,ar,24.7219435,46.685077,!    https://t.co/ksU5GJQ8p7
144,ar,28.8419955,48.0860765,   
145,ar,29.596249,31.570606,        
146,und,-33.980289,18.676047, https://t.co/BA5eKsDnKv
183,und,21.5857105,39.2541285,https://t.co/i19HwCBh34
147,en,24.462089,39.6540485,@silanigans this is paan 
148,ar,23.523078,45.113681,              !# # # # https://t.co/fbxeTUjptt
149,ar,29.347893,47.673682,          ..             ..
150,ar,31.342382,31.7678535,   .
151,en,-25.7526055,28.1840665,@TheGautrain please send us updated times you know you have technical issues but don't send out communication
152,ar,24.462089,39.6540485,@ksa_shb                     
153,en,9.0427605,8.6716155,@timskilz01 kindly follow back sir. Thanks.
154,en,-31.8908885,26.8670945,It's my boys birthday day today https://t.co/8MtSgyI8iI
155,tr,37.4587,35.5687985,kr gerek her vaktimize  #kendiobjektifimden https://t.co/nX77k15rDK
156,und,21.5857105,39.2541285,https://t.co/FMRNOJYR7x
157,tr,37.038192,30.8388225,@KucukkayaIsmail antalya larada otelde fox katli gsteriyor bilgilerinize
158,en,33.50961,-7.5855165,TRAVELS WORLD / ARABIAN WORLD TOURISM Grand SAUDI ARABIAN / WORLD TOURISM / TRAVELER ARABIAN WORLD TOURISM / EXPE https://t.co/XR4IG1OUjD
159,ja,29.3811865,47.9858085,@Milan_965 oow      https://t.co/laDgjYpCJR
160,ar,29.000369,29.2730235,      !! 
161,en,-26.0197195,27.9574575,Friday let's get it  https://t.co/eyXNuoRaz5
162,en,-26.1729605,28.136677,#Friday - Yes!!! I wish you a happy weekend. #motivation https://t.co/8WfDiUdgwE
163,ar,21.38543,40.4908105,    https://t.co/UGVFMcLBdz
164,en,26.3535915,49.9945455,At FitnessFirst  https://t.co/W7BKjMTjBr
165,in,-2.36521,39.571241,#ZingaFridayEditionNaskiza nikiwa garini Malindi 90.10Fm inasengenywa hadi kieleweke@KbcRadioTaifa @bonniemusambi @cynthy_anyango
166,en,9.912799,8.8863195,temperature down 12C -&gt; 11Chumidity up 47% -&gt; 54%
167,it,-28.5126035,28.8157765,@skgp28 Periocoronitis??
168,en,-28.4794855,24.669943,Dark clouds + strong wind
169,en,-1.16659,36.80341,Get help. https://t.co/tEkdddNaKd
170,en,-17.2574565,29.500786,This song changed my life. https://t.co/jlAlMK1gGT
171,ar,25.458642,49.6276765,     ..
172,en,35.135671,33.437825,"Dear @alexaiono aka KING, have the best birthday ever and remember that you have changed lives with your music ; for example my life "
173,und,-26.058708,28.060613,@treygee @duduzondo https://t.co/zVVePDZel9
174,und,24.7219435,46.685077,https://t.co/spCyXPTD6j
175,en,-1.2748635,36.86362,"#dryspell,If we arent thankful2 God4 drain we jst rec'd in Utawala Machakos county,den we surely r an ungrateful pple even if Jesus comes"
176,en,4.929526,-1.756256,@kakaliscious I can carry you 
177,ar,17.4830095,47.108287,      ..
178,und,-26.2761385,27.968098,Yaaaaaaaas https://t.co/DBXVIJc7WB
179,ar,27.5083335,41.68754,@iiS3dy 
180,und,37.0817305,23.5035255,@JaredLeto 
181,en,-33.907562,25.555316,Smash on Monday they tell you're they tested and they pregnant on Tuesday ??? https://t.co/U4eYz9r7xH
182,tl,-26.0197195,27.9574575,"Yehova ndi Mulisa wanga, athi nga shayi tshithu, u nndadza mafuloni avhudi, unyisa madivhini a vhuawelo, u netulusa muya wanga."
184,en,26.569495,50.055943, #KYGO &amp; Selena Gomez - It Ain't Me@selenagomez @kygomusic #itaintme #selenagomez https://t.co/kuygIcw63o
185,en,35.271078,25.1230585,New Post on #Blog : Special Offers &amp; Packages by #Galaxy #Hotel Iraklio Crete https://t.co/AHFOycEANs https://t.co/Sx3JZQpNur
186,und,24.105024,38.1911485,https://t.co/fl9jzdBX6L
187,ar,26.307814,50.201761,             
188,en,6.3349545,5.641288,I tried editing too  couldn't get it better https://t.co/cMqfD3Lgjn
189,ar,26.2464905,36.459303,                  .                        
190,en,-26.2761385,27.968098,Good thing I'm always on my phone. Now they're talking about two people who got hit by a car
191,ar,21.5857105,39.2541285,"                 ."""""""
192,ar,25.952302,50.5738735,@IsraelNewsNow @TimesofIsrael               .     .
193,en,-25.7526055,28.1840665,"One life...#hustle #success #commitment #life #theoglr power_africa @ Pretoria, South Africa https://t.co/cJ8KgVMDaK"
194,ar,24.7219435,46.685077,  #__          #_ https://t.co/8TDdVOTarM
195,en,-29.6164,30.3537815,haha this is great. #CyanideAndHappiness #timmy #drinking #problem https://t.co/OZS9pUboAo
196,ar,32.3965425,53.6749745,... @    https://t.co/sLwteUp5xc
197,ar,24.7219435,46.685077,  https://t.co/wpKX3IDXdc
198,iw,31.342253,34.9684285,"@WallaNews @JacobEilon    ,      "
199,in,-6.8788115,39.2823905,@rjkadutu @ManenoIzaak @NgekeCharles4 endelea kutafuta kuandika kuliko KUFIKIRI nabhei usijue kuandika kabsaa but THINK
200,ar,24.7219435,46.685077,@YASSER_Q_Y20 @abdulrahman  
201,en,-29.8193145,30.6453195,@Benji_Sports with your first Sports Update.. on the #djsbubreakfast
202,en,5.6231985,-0.1842935,"Just posted a photo @ Accra, Ghana https://t.co/OIiv0o8j6F"
203,fi,-33.980289,18.676047,Suvuma mzakes https://t.co/9EhI64vu0I
204,in,21.389833,39.8016865,Salam jumaat.  Alhamdulillah. @ Masjid Al Haram Makkah https://t.co/S225oMRqJB
205,en,-1.2748635,36.86362,NO QUITTING I WILL FIGHT UNTIL THE END https://t.co/c2hyHEHKox
206,und,21.5857105,39.2541285,https://t.co/FbaXqXDbxB
207,en,-34.1216575,18.4890615,Concern re:Moz = how will they recover? Moz attracts more FDI than SA (much needed);what will happen to dev prospec https://t.co/yIG8UeHAif
208,ar,24.7219435,46.685077,#___         ...     ...  #_
209,en,29.000369,29.2730235,6:33am: sunrisesunset will be at 5:45pm
210,und,-28.4794855,24.669943,https://t.co/NiAw8n6CRB
211,en,-34.1216575,18.4890615,Good morning beautiful people!!! 
212,ar,29.000369,29.2730235,@gnwbe2014 @shmoo5hy   .  
213,ar,26.728098,50.040782,#_ #__               https://t.co/Mxh5Z6rSOD
214,und,24.0045315,47.0458795,#_# https://t.co/vbLhDASHPk
215,ar,23.895049,53.65571,"             ."""""""
216,ar,17.4830095,47.108287,         
217,ar,24.462089,39.6540485,@ksa_shb          
218,en,-26.2761385,27.968098,"Why ole ditshele yana mare Tumi .  you were with your bestie kanjani? https://t.co/r4e7lOAmP3"""""""
219,en,-26.0197195,27.9574575,Bra  mxm https://t.co/WSKO19e4je
220,ar,25.324668,51.5391425,    https://t.co/UNXr387xi5
221,en,9.0427605,8.6716155,Yes o! Finally we don enta weekend on #UnaWakeUpShow #KpamkpamJimjimFriday w/@bigmoNaija x @iamKeneri Hope you don prepare for am? TGNF!!!
222,ar,33.224875,43.6853045,             https://t.co/xlHgidvykG
223,en,-28.5126035,28.8157765,@Tlouu_Kganyago lol im up
224,en,-1.2748635,36.86362,The existing social and educational services are insufficient to meet the high demand and growing population in Mukuru #OneCityOnePeople
225,ar,24.462089,39.6540485,         https://t.co/mfD86jRmoG
226,en,-26.058708,28.060613,Dude is stupid https://t.co/GxWoCtZofS
227,ar,29.6718355,27.52443,   https://t.co/TUIT8gJOtU
228,ar,29.596249,31.570606,"# | | #:     3  https://t.co/c0wCTSSWWD"""""""
229,und,26.345051,43.9595905,https://t.co/hFOYfD6NMv
230,tr,23.895049,53.65571,I'm at Saadiyat Island in Abu Dhabi https://t.co/SAyfYfflIY
231,ar,30.8326565,29.733514,                       ..
232,en,-34.1216575,18.4890615,"When I say I love you, its not because I need to hear you say it back. I just wanna make sure you know; in case my actions fall short.."
233,en,-33.907562,25.555316,hol' up  https://t.co/39XErBAE1R
234,en,-31.438098,19.77702,Opposition parties not much to say about #SONAReply by President. They still recovering from #BankCorruption? #AMLive @GwalaBnews
235,en,23.059934,50.161818,Just posted a video @ Tanajib Plant https://t.co/CRvwrpvBVq
236,ar,27.5083335,41.68754,                    .
237,en,29.596249,31.570606,Cairo: 6:32am: sunrisesunset will be at 5:45pm
238,ar,21.5857105,39.2541285,              .
239,ar,25.458642,49.6276765,     
240,en,26.832665,30.7950835,We are the best #Mobile Game Development company. We have highly skilled 2D &amp; 3D Game developers. https://t.co/Nh8ERgCGHT
241,und,-1.2748635,36.86362,@HouseJudiciary SALUTE:HOUSE JUDICIARY.DANGER TO UNITED STATES OF AMERICA:1.AL QAEDA .2.MUNGIKI TERRORISTS.3.L https://t.co/SuPJOykzTo
242,und,29.288416,48.075041,https://t.co/p99qSmuO3h
243,ar,29.000369,29.2730235,@Mohamed_Fayed_      10 Dancer in the Dark        5   
244,en,-1.2748635,36.86362,Sure it is!!  @Team_CORD https://t.co/upJuS3tZgD
245,en,14.4996775,-14.4382305,MORT  https://t.co/2t7VOQOVDS
246,en,-26.2761385,27.968098,"#FoodieFridaysWith any #event,it's about the small details.Want more details see our https://t.co/3qIC2ZfNoO or In https://t.co/A3kBBw1r8J"
247,ar,24.2599225,45.117129,-                     ..
248,en,-34.1216575,18.4890615,The Price is Alt-Right! #PresidentialTVShows @BrettFishA @midnight
249,en,-28.874103,31.904084,Morning jogs are the best way to a day...
250,en,-25.988404,28.103551,Guys. No.  https://t.co/hMVauU2gcl
251,ar,21.389833,39.8016865,      
252,ar,24.7219435,46.685077,          ..#_ #__
253,en,-26.085862,28.24308,Sunday https://t.co/bT611g1Ia8
254,en,-26.2761385,27.968098,I couldn't manage one weight squat rn 
255,en,-34.1351495,18.8479085,Excited to be starting my @lead_sa practical course today in Cape Town. #CapeTown #law #lawyer
256,fa,32.3965425,53.6749745,    (@   in Tehran) https://t.co/irG8fIGKYG
257,ar,21.5857105,39.2541285,@IQaisiyeh           
258,en,-1.3026795,36.884791,the air today is unusually fresh.. thank God for the rain.
259,en,29.596249,31.570606,Good morning #Cairo! Sun will rise in 30 minutes (local time 06:32) #Sunrise #Photo #Photography [17.02.2017]
260,in,21.389833,39.8016865,Alhamdulillah Subhanallah @ Masjid Al Haram Makkah https://t.co/R94qZehvzP
261,en,-1.2748635,36.86362,"LAPTOP REPAIR, Screen, Battery, Keyboard &amp; Charger Replacement at discounted prices. Call 0712787625. https://t.co/bxL8pGWvMp"
262,und,25.458642,49.6276765,https://t.co/LEzNGFKSE4
263,ar,25.952302,50.5738735,  
264,en,-26.2761385,27.968098,someone make a @Msaki_ZA at @JazzOrbit show happen. thank you please! 
265,en,-6.8788115,39.2823905,"[ BEACH PLOT FOR SALE ]WITH CLEAN TITLE DEED #PLOTSIZE SQM FT 2000#LOCATION MBEZI BEACH RAIN BOW #PRICE $ USD 350,0 https://t.co/9jblhOMp4Y"
266,und,-26.2761385,27.968098,#GGMU #Mufc https://t.co/HplSfBboIy
267,und,-28.4794855,24.669943,https://t.co/yRHpLwyKWB
268,und,26.3535915,49.9945455,https://t.co/K1Q8pLGIIT
269,en,-34.011939,23.423063,These late summer fieldwork sunrises... @ The Dunes In Plettenberg Bay https://t.co/lm1k8PG0wm
270,ar,36.207235,36.163269,"      :               .. https://t.co/GLMYF1Duvo"""""""
271,und,-33.907562,25.555316,https://t.co/yW58mAuzN0
272,ar,31.342382,31.7678535,   ...
273,en,-33.8697605,25.560511,Plastic 100C
274,ar,25.324668,51.5391425,6       (      17/2/2017)    12:58:7  https://t.co/2UWjl948Ny
275,ar,21.5857105,39.2541285,             
276,en,-0.067814,37.905184,"we listen  in to all conversations wit the Russian Amb.Gues who dint know?the Nat security adv.I knew that!Colbert..#the presidents men"""""""
277,ar,26.3535915,49.9945455,     :- -  -       :  
278,und,21.5857105,39.2541285,https://t.co/qeJcKN8wEj
279,und,-29.6164,30.3537815,@RannveigInga @isisceja @annaaizic @131christine131  @Geisha_Bajool @place_jhona https://t.co/AppUCoO3Rk
280,en,-34.033598,18.3513505,Prince on Spotify.
281,en,-33.907562,25.555316,"I ain't sorry,nigga naaahh  https://t.co/YF3trYhjhw"
282,en,24.7219435,46.685077,Very nice song https://t.co/OwmRufz3Ux
283,en,-26.1427115,27.8742925,Day in bed...  well deserved
284,en,9.0427605,8.6716155,#Np @velmodouble #NareEkele on #UnaWakeUpShow #KpamkpamJimjimFriday w/@bigmoNaija x @iamKeneri
285,ar,30.8326565,29.733514,        .
286,und,21.5857105,39.2541285, https://t.co/LxEQl94Z3G
287,en,-1.2748635,36.86362,How are some people even alive  https://t.co/qq4JkJMiEH
288,in,-5.49866,32.6436875,Kama riziki wangekuwa wanatoa Binadamu ningekosa ata Buku ya Vocha - Young Killer (Moyo wa Utafutaji)
289,en,26.307814,50.201761,RISE https://t.co/AmR23ttuUi
290,tr,38.9566025,35.24322,Tam da bu https://t.co/6VqaLCqeJO
291,ar,23.895049,53.65571,  https://t.co/Wz7JBZnH6s
292,ar,29.347893,47.673682, ...    !                 ..
293,fa,32.3965425,53.6749745,       !    !      https://t.co/gt9k214d5c
294,it,36.764878,-4.424031,Noche de sexo uouooo
295,ar,26.345051,43.9595905,@foesmnrf          .         
296,ar,24.7219435,46.685077,#__    
297,und,33.224875,43.6853045,https://t.co/An7qDq6gaY
298,en,-26.2761385,27.968098,Blocked. Whew.
299,en,6.4412485,7.5205415,temperature down 21C -&gt; 17Chumidity up 50% -&gt; 70%wind 2kmh -&gt; 1kmh
300,ar,29.596249,31.570606,"                       """
301,en,-1.2748635,36.86362,@okeweg @raufokal @MigunaMiguna Your say? https://t.co/AKHDDClVLD
302,ar,29.596249,31.570606, 
303,ht,-3.209431,40.1067615,#ZingaFridayEdition@KbcRadioTaifa @bonniemusambi @cynthy_anyango @KokotoLijodi DjKoks@Rapharl_musn @NoahTankie #ZingaFridayEdition
304,en,-28.4794855,24.669943,Absolutely buckeyes down all night in @MankeleMTB which is 50km from #sabie. @NatMTBseries any news from your safety officer?
305,en,-26.2564215,27.875272,Great concept  https://t.co/1POjxCJc2K
306,und,-29.6164,30.3537815,@TraceyTorres @OraliaSotoRoman @sea_nymph75 @Nancy_Mushinski @wanjirugachiee @1965Wendy https://t.co/sOmHn4EHVG
307,ar,27.017277,41.2337005,#_                    
308,nl,-33.8044735,19.889614,On Voortrekker road ... @robertsonoteam Lavender Lace #art #gallery #gifts #shop #paintings https://t.co/lsuJ58VV54
309,und,29.000369,29.2730235,https://t.co/BloE2sb9Sx 
310,ar,24.7219435,46.685077,        !!  #___
311,en,31.1260265,32.3076275,"current weather in Port Said: few clouds, 11C93% humidity, wind 6kmh, pressure 1036mb"
312,und,24.0045315,47.0458795,#_# https://t.co/85LJuUU6Qb
313,und,-26.2761385,27.968098, https://t.co/LP0xknRpq9
314,es,36.764878,-4.424031,No s ni que mierda digo xdd.
315,en,-33.907562,25.555316,frame 4  https://t.co/5hHUncFJ1k
316,en,-1.2748635,36.86362,Am so diggin' the funk and sample driven vibe of 'Good For You' by @Tekadelic. https://t.co/SAQUNaIx2T
317,ar,31.061111,31.646102,@nadaabdelsalam2              
318,en,6.3349545,5.641288,@_husseiina_ happy birthday babes @HassyJafiya_ 
319,en,-25.779824,28.058602,Waking up to #Culture  https://t.co/cMuzsxPpnS
320,en,-1.2748635,36.86362,We are in an attention economy. A state of constant stimulus where real focus is compromised.Be laser minded on what counts. #DressUpFriday
321,fi,-4.100005,39.6514255,"@aggywamukoya @PaulLugai @agayavincent @estherthathi @vincentateya @QwetuRadio mbona marudio Mui Huwa mwema?"""
322,hi,-6.8788115,39.2823905,Shikamoo Maana yake #nipochini Ya miguu yako https://t.co/uTOnWyUuh5
323,en,-26.3182565,28.101834,"I will not be at the BLF March Speaking out on SARB CORRUPTION. Due to Fear of being ""Assassinated""by Syndicate. https://t.co/9NbajGFd5c"""""""
324,und,-29.6164,30.3537815,@RUL_for_friends @LaniJDav @gail13sa @GloriaV681 @8chel8 @212270Haruto @SuFernandes68 @MoosieDD @TINYWEND https://t.co/xqeM2eoe0o
325,en,29.596249,31.570606,3 days lift 
326,en,29.311862,47.4921255,Talk to our experts if you have a #game idea to implement https://t.co/y0FJA5PIDV https://t.co/6XfsYUfftb
327,ar,24.462089,39.6540485,@ksa_shb                   ...
328,en,-26.2761385,27.968098,"@Xpress947 go on and fry us Ricky, we are your eggs"
329,ar,29.596249,31.570606, # _  # _  #  :) #_9_    
330,en,29.277994,48.067819,"20 km morning run  (@ Mishref Walk/run Track in Kuwait City, Hawally Governorate) https://t.co/rNMtRBhLYC"
331,ar,29.596249,31.570606,  https://t.co/P0c5Q29P0l
332,en,-26.2761385,27.968098,Good morning
333,ar,28.3500825,46.0327485,@Miatll   
334,en,-1.2748635,36.86362,#WanyonyiTenaWestlands @HonTimWanyonyi giving out funds for bursaries early this year @RailaOdinga @KideroEvans https://t.co/U08SQe2Z8R
335,ar,26.0557735,43.9776075,    
336,und,32.3965425,53.6749745,"         . (@ Mashhad Milk Powder |    in Mashhad, Razavi Khorasan) https://t.co/jOiuz6bGoi"
337,ar,18.303816,42.533355,@oaljama @K_H_AlMalki                        
338,ar,27.273696,48.412647,            !           !
339,ar,21.5857105,39.2541285,@n95_otb @9Khaled5  !
340,tl,33.8733655,35.8495145,Pinag pray kita @aldenrichards02  sana gumaling ka kaagad  #ALDUBxDTBYin10Days https://t.co/4uFmPKZoH5
341,ar,25.887142,43.5217445,                   https://t.co/etV8c5PTot
342,en,25.324668,51.5391425,#doha #qatari #airport #amazing #andyroper @RDJExecSearch #recruitment @ Hamad International https://t.co/03xpgB5MGx
343,tr,37.038192,30.8388225,"I'm at Antalya Havaliman in Muratpaa, Antalya https://t.co/Dp0rKETmMu"
344,und,-29.6164,30.3537815,@Silab04 @krazykaitlyn134 @DrWidad_A @69_elsye @kittylaroar @PinkFluff1888 @ZUTHIM https://t.co/9XYK4lNAzr
345,und,-17.866637,31.06421, https://t.co/qmS7o9ANdR
346,und,16.703271,42.9683215,https://t.co/5i55Yih0MW
347,en,-31.438098,19.77702,Still waiting for your analysis on #BankCorruption https://t.co/zOBJGhw8UH
348,en,9.0427605,8.6716155,#Np @Iam_DrPaul x Soul Solace #Yahweh on #UnaWakeUpShow #KpamkpamJimjimFriday w/@bigmoNaija x @iamKeneri
349,tl,23.895049,53.65571,I'm at NYUAD Fitness Center - @nyuadartscenter in Abu Dhabi https://t.co/P9YB8PMIgK
350,en,-33.907562,25.555316,I woke up like diiiis  https://t.co/Mk2nd68iNv
351,ar,24.7219435,46.685077,@noy_era @abu3zoz00                 
352,en,5.6231985,-0.1842935,Pls my faerthe &amp;my lord my pary this morni everry balssin in the up the dont me miss it sa amini https://t.co/90RdRPWrOT
353,en,9.0427605,8.6716155,#Np Life by Desree#GoodMorningNIgeriaShow with @UsoroEdima @Kenyatta7D #TGIF https://t.co/APoEkCjqwo https://t.co/kFEKDGWa8M
354,en,7.154428,3.3524415,Na person wey no geh Hope dey envy his next man...! That's not my lines tho! #PlanWell @ Lafenwa https://t.co/MXpjIhafvJ
355,ar,29.596249,31.570606,             () https://t.co/Gl22PaUul9
356,en,6.3349545,5.641288,I am single fah!! https://t.co/KjUDRbWYLO
357,en,26.6510615,49.8677985,Happening in Dammam  grabe ung ulan!!! https://t.co/uYUHHnj9Vq
358,en,-4.0333775,21.7538085,"current weather in Kisangani: light rain, 22C95% humidity, wind 1kmh, pressure 976mb"
359,en,4.929526,-1.756256,@kakaliscious I can carry you 
360,en,-1.2748635,36.86362,Approximately 90% of the residents surveyed in Mukuru had formal education to standard 8 Pri level #OneCityOnePeople
398,und,35.135671,33.437825,@FOXhaber
361,und,29.596249,31.570606,@MoazAssem https://t.co/POY1IA9tPH
362,en,0.2892675,32.56916,I hate it when I get too busy for tl..... Thank God for loyal friends who hala at me when there is action going down here 
363,el,37.0817305,23.5035255,I'm at   https://t.co/owfLlf1RA8
364,ar,24.7219435,46.685077,    
365,en,-28.5126035,28.8157765,@pookieBabe4 I nou
366,en,23.895049,53.65571,I'm at @AbuDhabiLife in Abu Dhabi https://t.co/B8oFmmo2wc
367,en,-1.3026795,36.884791,Good Morning Fam ... #GetInspired https://t.co/7YmDmxTosQ
368,ar,24.7219435,46.685077,#__#___    #_  https://t.co/MxbRCvcYAS
369,ar,31.6727,36.4648745,         !
370,ar,29.000369,29.2730235,           ! 
371,en,-0.067814,37.905184,"What Spark tips comes with pricing? Creating value for your products,don't set prices to be too high or too low https://t.co/RRbyqVgx20"
372,und,-29.6164,30.3537815,@betabel54 @emadothman3 @barbie_bitch_00 @folaqpa @lola40492359 @NIEVES_MARIBEL @MaxiTovr @ychw34 https://t.co/P8r8JJv2Lu
373,ar,25.952302,50.5738735,@IsraelNewsNow @TimesofIsrael       .    .
374,en,-26.2288285,28.1799355,Any day above ground is a blessing
375,in,-0.067814,37.905184,SWV lakini walikuwa juu
376,en,-34.1216575,18.4890615,So lucky to get these gorgeous old classic cook books! A whole series of 25 books each with specific theme #unique https://t.co/9uCho34mUf
377,en,38.2752785,24.508861,"@IDollyLenz deserted beach-a bikini top rolls in on a wave'.. https://t.co/rsnU5B5KQG"""
378,ar,24.0045315,47.0458795,       https://t.co/XnyIn438zh
379,en,-0.067814,37.905184,Do you agree with the government spying on Kenyans' calls and texts from this Tuesday?#THEHOTBREAKFAST with @DavidOyuke &amp; @DruMustafa
380,ar,25.952302,50.5738735,@IsraelNewsNow @TimesofIsrael          .
381,ar,24.7219435,46.685077,#PS4    4PS4 ID : iFeras_F6
382,ar,24.7219435,46.685077, :  :   #___
383,ar,26.569495,50.055943, https://t.co/e4DG3cxcKG
384,ar,33.224875,43.6853045,       https://t.co/yk5JK1VYh5
385,ar,21.18401,41.6050275,@_SAA09     
386,ar,24.4694175,46.2145085,   #  # https://t.co/2LnY8f4csw
387,en,-33.907562,25.555316,2nd Frame https://t.co/ZhLKsEDCt5
388,ar,21.5857105,39.2541285,           .
389,ar,31.342382,31.7678535,@its_NaDia__     
390,ar,25.952302,50.5738735,@777Boing @LuaLuaTV    
391,ar,23.895049,53.65571,  .
392,en,6.4931125,3.3386055,#lapogbance is now trending in #Lagoshttps://t.co/Vwj2xfsPzT https://t.co/NhTfbjhYe0
393,ar,24.462089,39.6540485,        @    https://t.co/T0E095ygfw
394,tr,36.89007,30.680889,@SairMatematikci Gnaydnnnn hocam hayrl cumalar 
395,und,-28.4794855,24.669943,https://t.co/ngG77UPwx2
396,en,0.2892675,32.56916,"If they are to like boys. There is one in particular. That nigga Kasolo Dickson#FuckOn  https://t.co/mSomIYAvz2"""""""
397,ar,29.596249,31.570606,    https://t.co/tpsnswcCbQ
399,und,29.285186,47.876412,#___ https://t.co/2wUsaLzoYc
400,ar,21.389833,39.8016865,   #_             #haidymoussa #_ https://t.co/Obmf8ZqMgR
401,en,9.0427605,8.6716155,#Np @DunsinOyekan #Amazing on #UnaWakeUpShow #KpamkpamJimjimFriday w/@bigmoNaija x @iamKeneri
402,tr,36.725115,37.122362,Hrsz bu kadar aramayan polis asker kaa grndm icin sabah 6 da beni arad kaldigim otele geldi kavgaya tututu bravo rlandal...
403,und,-26.1427115,27.8742925, https://t.co/WOVDtR1fcw
404,und,-29.6164,30.3537815,@Flandepostre @LizSouth_Fans @Anna_EFC @bowie_regina73 @NerissaaEmy @FrswAp @nico_gaia @Fishieyes16 https://t.co/YeLZ4AqGNa
405,ar,24.105024,38.1911485,#__       
406,en,-29.1065885,26.21311,@KatlegoMaboe morning Kat
407,ar,29.000369,29.2730235,@Mohamed_Fayed_               10
408,tl,-6.8788115,39.2823905,@rjkadutu @ManenoIzaak @NgekeCharles4 unahangaia naye wa mini #UNFOLLOW babaake thats best way sooner utapiga magoti
409,ar,24.7219435,46.685077,@MagdiXl 
410,ar,24.7219435,46.685077,#___   https://t.co/WBCxjMtOTu
411,ar,15.316211,30.3309045,     (@ Al Fayha) https://t.co/DLMZHKQGOt
412,tr,36.5968065,31.830576,Sabah sabah ne sagopas abi kendinize gelin ya
413,en,-25.860881,28.1361405,Like the sound of this Brooks fellow! @BafanaBafana #troublebroos https://t.co/TT0MJB7IWw
414,ar,19.965379,41.453094,     ..     #   @Alhilal_FC #__   # https://t.co/EigJwuXtBU
415,ar,24.7219435,46.685077,        #__
416,en,4.82463,7.0312755,"There is something beautiful about growing in a job with grace, learning,  creating new stuff &amp; embracing new chall https://t.co/CIktx9zLkY"
417,und,-26.2761385,27.968098, https://t.co/ZuzbGPahsf
418,ar,30.866746,31.028321,  https://t.co/9BtWZLjrPq
419,ar,21.5857105,39.2541285,    .
420,en,-26.2761385,27.968098,"The guy in the car next to me is actually navigating with the navigator and phone on his Dashboard, anyake go timela da man"
421,en,-33.907562,25.555316,2nd frame https://t.co/xfqwh11H8I
422,und,24.0045315,47.0458795,#_# https://t.co/a8iu66PhUz
423,ar,29.000369,29.2730235,         
424,ar,27.127908,49.556,#____   
425,en,0.2892675,32.56916,Y'all Better Be Ready cos it is Friday. @guvnoruganda presents the https://t.co/in0khUCv33
426,ar,24.7219435,46.685077,         . #__
427,und,5.6231985,-0.1842935, https://t.co/mqkzI8zYH2
428,en,-1.2748635,36.86362,"@Ma3Route am almost certain that traffic in Nairobi is someone's bossiness, someone/people are be benefiting"
429,en,-25.7526055,28.1840665,17 years back this time of the year a child was born on the tree in Mozambique because of cyclone Hudah ~ God bless Africa
430,en,29.311862,47.4921255,Mornings like this everyday please .
431,und,-29.6164,30.3537815,@DebraTankersle2 @asiruh266 @AprilRhynold  @SovereignAkitas @Binistin @hildacronje @Brayan54925658 https://t.co/Grf0sITobK
432,en,23.895049,53.65571,@neilabrahams11 that's it I'm off to go buy one of these things  https://t.co/fjYJ4morw5
433,ar,24.7219435,46.685077,@halshelali4  
434,ar,33.8733655,35.8495145,               https://t.co/IqJdzzcHcS
435,en,6.590611,3.318066,"Happy Birthday Sir @dele2much , wishing you all the best in Life. Godbless you for Us. On https://t.co/YpA1sXEsqi"
436,en,-34.1216575,18.4890615,It is great to see the bus lane in Cape Town is helping the police get to work early &amp; used as a taxi drop off point. Absolutely fascinating
437,es,-26.2564215,27.875272,@PSenyatsi tla reje https://t.co/AzAfp9xDej
438,ar,24.7219435,46.685077,      
439,ar,21.5857105,39.2541285,            .
440,ar,26.3535915,49.9945455,  
441,en,9.0427605,8.6716155,#Np @beatsbysarz x @DJ_TUNEZ ft @FlashWorldWide #GetUp on #UnaWakeUpShow #KpamkpamJimjimFriday w/@bigmoNaija x @iamKeneri
442,und,-26.2288285,28.1799355, https://t.co/bhyUWS3SqN
443,en,-29.1065885,26.21311,"Phenomenal Women, let's change the world. Let's build and support https://t.co/86WhzvnzZz"
444,und,23.523078,45.113681,https://t.co/b6fMYG8ODk
445,de,35.4033705,24.118633,Probiere WhatsApp Messenger fr dein Smartphone aus. Lade ihn dir einfach von https://t.co/pgz0jJr3tB herunter
446,und,21.389833,39.8016865,https://t.co/bbXQEKnLOm
447,und,-34.1216575,18.4890615,@radio786online @Truebz https://t.co/jPm87ukJpY
448,ar,28.3500825,46.0327485,@Y6llI   
449,ar,21.5857105,39.2541285,        .
450,tl,5.6231985,-0.1842935,"Hahaha @ Accra, Ghana https://t.co/qtO8aRh5gJ"
451,ar,29.596249,31.570606,     ...    19    3             
452,ar,23.523078,45.113681,                             
453,ar,24.462089,39.6540485,               https://t.co/06okjj2DwK
454,en,-26.085862,28.24308,WHY DUEPOINT? https://t.co/syYYmXQmhS https://t.co/sJw97s6RHU
455,und,-29.6164,30.3537815,@ElaineCorbett7 @ZanelBotes1994 @JulieDianeCall1 @MriaHajzer @78436505908f45c @malemalefica https://t.co/Ua1R7Uwez4
456,en,-33.907562,25.555316,1st frame  https://t.co/fbNRdGZyTX
457,en,-1.2748635,36.86362,Fine ndeches Friday
458,tr,31.342253,34.9684285,Gnaydn Gzel insanlar #Hayr l sabahlar https://t.co/qgBMtvN4Gi
459,ar,19.158766,42.8581945,  21 2017    #  # 6:00  beIN SPROT    https://t.co/LlGojBnz7T
460,en,26.307814,50.201761,. @katyperry thats what I hate about the CIA they hire good hearted people to deter me away with wrong information https://t.co/hGTqDgypZY
461,en,-22.9664185,18.4321515,1 week to go for Ann Jangle &amp; Riaan Smit! Get your tickets now for N$120 via EventsToday / Warehouse Theatre / Airt https://t.co/7kN5HZXR9w
462,und,23.523078,45.113681,https://t.co/YVE4n0JZNA
463,en,-6.8788115,39.2823905,Hellow Mbeya Lets Take it Again... titre_boy_events &amp; @kifesiofficial Wanakuletea Wasafi in https://t.co/gyqlJX6ghV
464,ar,31.061111,31.646102,  
465,und,-23.9162345,29.4770015,Lad. #Pogba #mufc  https://t.co/GHJCGWdRda
466,ne,24.7219435,46.685077,@blvpl @latthibango @YouTube   @latthibango           !
467,en,9.0427605,8.6716155,#NowOnAir i go make am by @EricArubayi #ontopthrowaybackfridaywit @Joypanam on @Naija102FM #tributetoeric #ericlivesoncc @NikkiLaoye
503,en,-22.3426325,24.6844085,Early in the morning and watching my kittens play while I try to make breakfast
468,en,33.50961,-7.5855165,TRAVELS WORLD / ARABIAN WORLD TOURISM MODERN JEDDAH City / LUXURY JEDDAH RESORTS / BEACHS MOHAMED SAUDI / REPORTI https://t.co/RJBf2hQoTx
469,und,-29.6164,30.3537815,@zamakeupartist @AdrianaPrince40 @AlinaDal_F @Lorrainefmdg @1seashells @neddublin @OpinionOficial https://t.co/NStp0DnOcR
470,en,-29.1065885,26.21311,@KatlegoMaboe morning
471,und,24.0045315,47.0458795,#_# https://t.co/uKFgPEGuOT
472,und,33.224875,43.6853045,https://t.co/OTYZl9foAS
473,ur,22.7290735,39.041685,@110_133 @naz_sakina @pirzada_fatima # bulle sha             !   
474,ar,29.596249,31.570606,     ..     .. 
475,ar,26.345051,43.9595905,@hno__991  
476,und,23.523078,45.113681,https://t.co/kfH8DC9Hvj
477,ar,24.7219435,46.685077,"    :                     """""""
478,tr,36.3582185,30.2841565,Yreiniz deki GzellikLerin VE umudun hiTkenmemesi Sknt veKederden uzak SevdiklerinizleBirlikteHuzurlu S https://t.co/meJ1i5zOPB
479,en,-33.907562,25.555316,2nd frame whooooooooo  https://t.co/TB6XIfuFp3
480,und,-20.14439,28.546494,@BlackNewsOutlet https://t.co/iOtQMFqAOo
481,ar,29.000369,29.2730235,            ..
482,ar,29.347893,47.673682,  ..   ..         ..          ..!
483,pt,23.523078,45.113681,#sex #sks #Vlpina_ariyad #Vlpina_kherj #Jns_vlpina #sesoo vlpina
484,ar,21.389833,39.8016865, # https://t.co/ScbrqlyApQ
485,ar,15.552757,48.174765,"""        :  300      ..   ... https://t.co/Rx655BhvrZ""""
486,in,-28.4794855,24.669943,""Oh satafrika https://t.co/srgRte40HR"""""""
487,en,-33.9905185,19.285871,Trump is denying citizens any democratic rights. He is delusional about how wonderful he is BUT this could end in https://t.co/hKZSmtrT4c
488,in,-6.8788115,39.2823905,@Shukuru60582735 @millardayo ili akarudie tena
489,und,-26.058708,28.060613,94.7
490,en,-26.2761385,27.968098,This wind https://t.co/Op0Oqgmprx
491,und,24.0045315,47.0458795,#_# https://t.co/A17LvbjRXP
492,en,-6.37298,34.9790315,"The more you surrender yourself to obeying the voice of the Holy Spirit, the more you become a slave of righteousne https://t.co/R4F3W31TFF"
493,en,33.8733655,35.8495145,Two brain cells. One to breath in and one to breath out. Not more. https://t.co/u14BD8BDil
494,ar,23.523078,45.113681,                             
495,und,-1.2748635,36.86362, https://t.co/zJzB5tfiBE
496,und,-29.6164,30.3537815,@sadru1950 @cresammarco @Roumal1 @NeecieMarie @O_Ojiitos @nevoghazal @gerardopoggi @dinyrose31 https://t.co/bICrdeY0UF
497,ar,21.5857105,39.2541285,            .
498,en,-25.988404,28.103551,     lmfao https://t.co/mrIr1C4inJ
499,en,-34.1216575,18.4890615,A bend in the road is not the end of the road... unless you fail to make the turn. #Quotes #Thursty with #70vibeFm https://t.co/4si8UiE5Ly
500,ar,23.523078,45.113681,@almrdasi                
